Index,File,0,1,2,3,4,5,6,7,8,9,10,11,12,13,14,15,16,17,18,19,20,21,22,23,24,25,26,27,28,29,30,31,32,33,34,35,36,37,38,39,40,41,42,43,44,45,46,47,48,49
0,1.01-light-in-august.txt,1.47E-05,2.45E-05,2.47E-05,0.06819346865,1.32E-05,0.1378824898,2.74E-05,5.19E-06,5.51E-05,3.00E-05,0.0273101344,1.20E-05,9.69E-06,3.82E-04,0.1294919204,1.90E-05,2.93E-05,2.26E-05,3.00E-05,4.90E-04,0.2961734721,0.01527109379,5.71E-06,6.41E-06,1.82E-05,0.03806077273,2.51E-05,1.22E-05,2.95E-05,4.39E-05,1.07E-04,5.20E-05,4.75E-05,3.08E-05,2.76E-06,6.79E-05,1.52E-05,1.80E-05,0.01315382476,1.46E-05,8.03E-06,0.1336722651,0.02557832861,9.42E-06,2.30E-05,2.24E-05,1.72E-05,1.40E-04,0.1133031177,2.74E-06
1,1.02-light-in-august.txt,1.62E-05,2.69E-05,2.71E-05,0.04944832762,1.44E-05,0.1515286612,3.00E-05,0.001173463749,6.04E-05,3.28E-05,0.0287681365,1.32E-05,1.06E-05,2.91E-05,0.1220900064,0.309480154,3.21E-05,2.48E-05,3.28E-05,0.00365130945,9.20E-06,0.02374598075,6.26E-06,7.03E-06,1.99E-05,0.03276727161,2.76E-05,1.34E-05,0.001978628313,4.82E-05,0.006345276072,4.46E-04,8.31E-04,3.38E-05,3.03E-06,7.44E-05,1.66E-05,1.97E-05,1.60E-05,1.60E-05,8.80E-06,0.06516967731,0.04205084502,1.03E-05,4.14E-04,2.46E-05,1.88E-05,0.001321735367,0.1580621676,3.00E-06
2,1.03-light-in-august.txt,1.99E-05,3.31E-05,5.12E-04,0.0866600579,1.77E-05,0.03268395787,3.69E-05,7.00E-06,7.43E-05,4.04E-05,0.03872923475,1.62E-05,1.31E-05,3.58E-05,0.1434414974,0.008642244188,3.95E-05,3.05E-05,4.04E-05,1.82E-04,1.13E-05,0.01196907161,7.70E-06,8.64E-06,2.45E-05,0.007744877266,3.39E-05,1.64E-05,3.98E-05,5.92E-05,0.003016277947,7.01E-05,0.001500169036,4.16E-05,3.73E-06,9.15E-05,2.05E-05,2.42E-05,1.97E-05,1.96E-05,1.08E-05,0.09929200546,0.02490597005,1.27E-05,0.008647528943,0.2987381285,2.32E-05,0.01550769701,0.2168797885,3.69E-06
3,1.04-light-in-august.txt,1.69E-05,2.81E-05,2.84E-05,0.1221632587,1.51E-05,0.2835006153,3.14E-05,5.95E-06,4.70E-04,3.44E-05,0.06185074839,1.38E-05,1.11E-05,3.04E-05,0.1733100058,0.1128069823,0.001662288656,2.59E-05,3.43E-05,1.55E-04,9.63E-06,0.03786786045,6.55E-06,0.01385101324,2.09E-05,4.80E-04,2.88E-05,1.40E-05,3.38E-05,5.04E-05,5.30E-04,5.96E-05,5.45E-05,3.53E-05,3.17E-06,4.85E-04,1.74E-05,2.06E-05,1.67E-05,1.67E-05,9.21E-06,0.06002479079,0.01833410117,1.08E-05,2.63E-05,2.57E-05,1.97E-05,1.61E-04,0.111588589,3.14E-06
4,1.05-light-in-august.txt,1.97E-05,3.27E-05,3.30E-05,1.54E-05,1.76E-05,1.31E-04,9.83E-04,6.92E-06,7.35E-05,3.99E-05,0.2362244038,1.60E-05,1.29E-05,3.54E-05,0.1376180262,0.07815049646,3.91E-05,3.01E-05,5.13E-04,0.02480126655,0.001431651321,0.03456603018,7.62E-06,8.55E-06,2.43E-05,0.2908048602,3.35E-05,1.62E-05,3.93E-05,5.86E-05,0.003456915673,6.93E-05,6.34E-05,0.003355504068,3.69E-06,9.05E-05,2.02E-05,2.39E-05,1.95E-05,1.94E-05,1.07E-05,0.140350908,0.009956689547,1.26E-05,3.06E-05,2.99E-05,4.96E-04,0.002081221755,0.03411995797,3.65E-06
5,1.06-light-in-august.txt,1.55E-05,2.58E-05,2.60E-05,1.22E-05,1.38E-05,0.02098312985,2.87E-05,0.01752970751,0.006769278068,3.15E-05,0.1017544941,1.26E-05,1.02E-05,2.79E-05,0.1922630234,2.00E-05,3.08E-05,2.37E-05,3.15E-05,0.001633187232,3.82E-04,0.04474402874,0.148775732,6.73E-06,1.91E-05,0.009388163067,2.64E-05,1.28E-05,3.10E-05,4.61E-05,0.006823644895,5.46E-05,0.002287045259,0.005998073158,2.90E-06,4.44E-04,1.59E-05,1.89E-05,1.53E-05,1.53E-05,8.43E-06,0.2261078915,0.04699054254,9.89E-06,2.41E-05,2.35E-05,1.80E-05,0.003503185849,0.1629611196,2.88E-06
6,1.07-light-in-august.txt,1.69E-05,2.81E-05,2.83E-05,1.33E-05,1.51E-05,0.01476464645,3.14E-05,0.1957733779,0.006168173401,4.41E-04,0.1171776954,1.38E-05,1.11E-05,3.04E-05,0.1484124145,0.006126837955,3.36E-05,2.59E-05,3.43E-05,0.006666757294,9.62E-06,0.04436446235,6.55E-06,7.35E-06,2.09E-05,0.0729260222,0.02159985405,1.40E-05,3.38E-05,5.04E-05,0.006227518881,5.96E-05,5.45E-05,3.53E-05,3.17E-06,7.78E-05,1.74E-05,2.06E-05,0.009377761354,1.67E-05,9.20E-06,0.2504767747,0.01669863564,1.08E-05,2.63E-05,2.57E-05,1.97E-05,0.002195987252,0.07979710335,3.14E-06
7,1.08-light-in-august.txt,1.39E-05,2.31E-05,0.003036372709,1.09E-05,1.24E-05,0.01582749896,2.58E-05,0.2798846441,5.20E-05,2.82E-05,0.07194692573,1.13E-05,9.14E-06,2.50E-05,0.2114661815,0.006044071181,2.76E-05,2.13E-05,2.82E-05,0.01351866168,7.92E-06,0.02745344333,5.38E-06,0.001010395542,1.72E-05,0.02851660814,2.37E-05,1.15E-05,0.001032170541,4.14E-05,0.01382692862,3.84E-04,3.80E-04,2.91E-05,2.61E-06,0.002407487422,1.43E-05,1.69E-05,1.38E-05,0.00235721617,7.57E-06,0.1631808449,0.004026953875,8.88E-06,0.001695570109,2.11E-05,1.62E-05,0.003145478211,0.1483299901,2.58E-06
8,1.09-light-in-august.txt,2.03E-05,3.38E-05,0.02056192366,1.59E-05,1.81E-05,1.35E-04,3.77E-05,0.1549438278,7.58E-05,4.12E-05,0.1514690599,1.66E-05,1.33E-05,0.002969106827,0.1826243407,2.62E-05,4.04E-05,3.11E-05,4.12E-05,0.02364627157,1.16E-05,0.03030471332,7.86E-06,8.82E-06,0.005401398954,0.01523903725,3.46E-05,1.68E-05,4.06E-05,0.001037987414,0.01041105863,7.16E-05,6.54E-05,0.002486227803,3.81E-06,5.82E-04,0.006374760068,2.47E-05,2.01E-05,2.00E-05,1.11E-05,0.2851522655,0.01125539202,1.30E-05,3.16E-05,3.08E-05,2.36E-05,0.01143478363,0.08311900905,3.77E-06
9,1.10-light-in-august.txt,3.13E-05,5.20E-05,5.24E-05,2.46E-05,0.001533946115,0.0484012299,0.001564070984,0.04669786117,0.008400006386,6.35E-05,0.1618266011,2.55E-05,2.06E-05,5.63E-05,0.1247358691,4.04E-05,6.22E-05,4.79E-05,6.35E-05,0.05600931095,1.78E-05,0.0790689639,0.005283207505,1.36E-05,3.86E-05,0.1356772722,5.33E-05,2.58E-05,6.26E-05,8.46E-04,0.002485695106,0.007640420218,1.01E-04,6.54E-05,5.86E-06,0.003155999313,3.22E-05,3.81E-05,0.0452117944,3.09E-05,1.70E-05,0.1863111825,0.02261187109,2.00E-05,4.87E-05,4.75E-05,7.89E-04,0.001050856458,0.0595342052,5.81E-06
10,1.11-light-in-august.txt,1.61E-05,2.68E-05,0.004678158921,1.26E-05,1.44E-05,0.04235535499,2.99E-05,5.67E-06,6.01E-05,0.003133480843,0.07399436941,1.31E-05,1.06E-05,2.90E-05,0.1467632937,4.08E-04,3.20E-05,2.47E-05,3.27E-05,0.002085352504,0.001559553473,0.01628038877,6.23E-06,7.00E-06,1.99E-05,0.01634847807,2.74E-05,1.33E-05,4.20E-04,4.36E-04,0.004380235877,0.003545141954,0.009741812744,3.36E-05,3.02E-06,0.001624481656,1.66E-05,1.96E-05,0.2767604382,1.59E-05,0.007373113642,0.1354345363,0.04884831026,1.03E-05,2.51E-05,0.01552834649,0.003894727367,5.41E-04,0.1833572797,2.99E-06
11,1.12-light-in-august.txt,1.34E-05,2.24E-05,2.25E-05,1.06E-05,1.20E-05,0.02467705109,0.001966058695,0.01165145862,0.008461730397,2.73E-05,0.0947607677,1.10E-05,8.83E-06,2.42E-05,0.1603524222,0.04369257495,2.67E-05,2.06E-05,3.51E-04,0.00659340746,7.65E-06,0.02102989865,5.20E-06,5.84E-06,1.66E-05,0.06540899867,2.29E-05,1.11E-05,9.97E-04,6.87E-04,9.74E-05,0.005547224851,4.33E-05,0.006498490344,2.52E-06,3.85E-04,1.38E-05,1.64E-05,0.1320095481,1.33E-05,7.32E-06,0.2291884096,0.02394971487,8.58E-06,2.09E-05,2.04E-05,1.57E-05,1.28E-04,0.1611328753,2.50E-06
12,1.13-light-in-august.txt,1.29E-05,3.32E-04,3.32E-04,0.1616013291,1.15E-05,0.1094707922,2.40E-05,4.54E-06,4.82E-05,2.62E-05,0.05248769766,1.05E-05,8.48E-06,2.32E-05,0.1164229988,1.67E-05,2.57E-05,1.98E-05,2.62E-05,1.18E-04,7.35E-06,0.01305263944,5.00E-06,0.2324483278,1.59E-05,0.02460506439,2.20E-05,1.07E-05,2.58E-05,3.84E-05,9.35E-05,4.55E-05,4.16E-05,3.38E-04,2.42E-06,5.94E-05,1.33E-05,1.57E-05,1.28E-05,1.27E-05,7.03E-06,0.09242417017,0.01989700341,8.24E-06,2.01E-05,1.96E-05,1.50E-05,4.34E-04,0.1752833307,2.40E-06
13,1.14-light-in-august.txt,7.46E-06,1.24E-05,1.25E-05,0.1399125385,6.66E-06,0.1126575105,1.38E-05,2.63E-06,2.79E-05,1.52E-05,0.07074451575,6.08E-06,4.90E-06,1.34E-05,0.1353536754,9.63E-06,1.48E-05,1.14E-05,1.52E-05,6.07E-04,4.25E-06,0.01885837113,2.89E-06,0.2094142695,9.20E-06,0.03900487406,1.27E-05,6.16E-06,1.49E-05,2.22E-05,0.003646014089,2.63E-05,2.40E-05,1.56E-05,1.40E-06,3.43E-05,1.87E-04,9.08E-06,7.39E-06,7.36E-06,4.06E-06,0.09149083637,0.02281403833,4.76E-06,1.16E-05,0.001448113029,8.69E-06,0.00240580842,0.1510527458,1.39E-06
14,1.15-light-in-august.txt,1.94E-05,3.24E-05,9.69E-04,1.53E-05,1.74E-05,0.1621907079,3.61E-05,6.85E-06,7.27E-05,3.95E-05,0.03789478641,1.59E-05,1.28E-05,3.50E-05,0.2232550437,0.01501342692,3.87E-05,2.98E-05,3.95E-05,0.02266054744,1.11E-05,0.02482596143,0.1868930319,0.009376147825,2.40E-05,0.01835085676,3.32E-05,1.61E-05,3.89E-05,5.79E-05,0.03386468083,6.86E-05,0.005214924509,4.07E-05,3.65E-06,0.001026304893,2.00E-05,2.37E-05,1.93E-05,1.92E-05,0.02951882766,0.05218775812,0.007507504103,1.24E-05,4.99E-04,0.02298040067,2.27E-05,1.85E-04,0.1447595645,3.61E-06
15,1.16-light-in-august.txt,1.35E-05,2.25E-05,2.26E-05,0.1596336383,1.21E-05,0.05925775833,2.51E-05,4.75E-06,3.76E-04,2.74E-05,0.04970916874,1.10E-05,8.87E-06,2.43E-05,0.1422787012,1.74E-05,2.68E-05,2.07E-05,3.53E-04,0.003049483824,7.69E-06,0.02210774377,0.2461042893,5.87E-06,1.67E-05,0.001683690225,2.30E-05,1.12E-05,2.70E-05,4.02E-05,0.004324124968,4.76E-05,0.00231919879,2.82E-05,2.53E-06,6.21E-05,1.39E-05,1.64E-05,1.34E-05,1.33E-05,7.35E-06,0.1259496347,0.02114062437,8.62E-06,2.10E-05,0.01107383651,1.57E-05,0.003054467865,0.1469641341,2.51E-06
16,1.17-light-in-august.txt,1.82E-05,3.03E-05,0.0022225528,0.2595499165,1.63E-05,0.04352337538,3.38E-05,6.41E-06,9.45E-04,3.70E-05,0.06221194174,1.48E-05,1.20E-05,3.28E-05,0.140135589,0.009668413445,3.62E-05,2.79E-05,3.70E-05,0.001481897291,0.001325579695,0.04164992379,0.01666643244,7.91E-06,2.25E-05,0.03997331939,3.10E-05,1.50E-05,3.64E-05,5.42E-05,5.70E-04,5.03E-04,0.004442727576,0.003106893412,3.41E-06,5.22E-04,1.87E-05,2.22E-05,1.80E-05,1.80E-05,0.0210533418,0.2180716098,0.01316463725,1.16E-05,2.83E-05,2.77E-05,2.12E-05,0.005434261295,0.1131352824,3.38E-06
17,1.18-light-in-august.txt,1.48E-05,2.47E-05,2.49E-05,0.1663215884,1.32E-05,0.1275078734,2.75E-05,5.22E-06,5.54E-05,3.01E-05,0.05457009888,1.21E-05,9.74E-06,0.002881795973,0.1544073232,0.01036889832,0.001813911983,2.27E-05,3.01E-05,0.001563243382,8.44E-06,0.02426960245,5.74E-06,6.44E-06,1.83E-05,0.08357575562,2.53E-05,1.22E-05,2.97E-05,4.42E-05,0.009743406148,5.23E-05,0.004687317026,3.10E-05,2.78E-06,0.008276653052,1.53E-05,1.80E-05,1.47E-05,1.46E-05,0.09422658231,0.09686687809,0.02142346945,9.46E-06,2.31E-05,2.25E-05,1.73E-05,1.41E-04,0.136710081,2.75E-06
18,1.19-light-in-august.txt,1.69E-05,2.82E-05,0.005328027676,0.01876586433,1.51E-05,0.01886536818,8.47E-04,5.96E-06,0.01270086461,3.44E-05,0.05051178368,1.38E-05,1.11E-05,3.05E-05,0.1140029365,2.19E-05,3.37E-05,2.59E-05,3.44E-05,0.02339187562,9.64E-06,0.05911272993,0.008567512856,7.36E-06,0.01347382207,0.03880111625,2.89E-05,1.40E-05,4.42E-04,5.04E-05,0.02091359814,0.001282698621,5.46E-05,3.54E-05,3.17E-06,7.79E-05,1.74E-05,2.06E-05,0.02488430671,1.67E-05,0.2625451973,0.1077949547,0.03344011253,1.08E-05,2.64E-05,0.0126633207,1.97E-05,0.01279884682,0.1581988214,3.14E-06
19,1.20-light-in-august.txt,1.37E-05,0.001339839607,0.2637702987,0.02371836664,0.01351238557,0.002396016024,2.54E-05,4.82E-06,0.002685278895,6.86E-04,0.06318914782,1.12E-05,8.99E-06,2.46E-05,0.06442181767,1.77E-05,6.86E-04,2.10E-05,2.78E-05,0.007039915623,9.96E-04,0.02502582425,5.30E-06,5.94E-06,1.69E-05,0.02541294025,2.33E-05,1.13E-05,2.74E-05,4.07E-05,0.00405038117,3.77E-04,4.41E-05,3.58E-04,2.56E-06,6.29E-05,1.41E-05,1.66E-05,0.04446534765,1.35E-05,0.01153198722,0.1318475776,0.01054610801,8.73E-06,2.13E-05,0.05072875714,1.59E-05,0.01560605181,0.2351208201,2.54E-06
20,1.21-light-in-august.txt,3.54E-05,5.88E-05,5.93E-05,2.78E-05,3.16E-05,0.4406115538,6.57E-05,1.25E-05,1.32E-04,7.19E-05,0.01354795467,2.89E-05,2.32E-05,6.37E-05,0.283347267,4.57E-05,7.03E-05,5.42E-05,0.00433080947,0.01650787994,2.01E-05,0.02300121158,1.37E-05,1.54E-05,4.37E-05,0.001004283793,6.03E-05,2.92E-05,7.08E-05,1.05E-04,0.00110817643,0.008642658381,1.14E-04,7.39E-05,6.63E-06,0.006125362563,3.64E-05,0.01196813672,3.50E-05,0.005997457578,1.93E-05,0.0412443203,0.04431739983,2.26E-05,5.51E-05,5.37E-05,4.12E-05,0.004595866778,0.09204558624,6.57E-06
21,2.01-native-son.txt,2.46E-05,0.02556033396,4.13E-05,1.94E-05,0.001802422086,0.006098938481,0.1822419034,8.68E-06,9.21E-05,0.002423963519,0.08896469806,2.01E-05,1.62E-05,4.44E-05,0.09415379584,3.18E-05,4.90E-05,0.00181817968,5.01E-05,0.04770346647,1.40E-05,0.125224758,9.55E-06,1.07E-05,0.0136802885,1.06E-04,4.20E-05,2.04E-05,4.93E-05,0.002447315319,0.01323503507,8.69E-05,7.94E-05,5.15E-05,4.62E-06,0.1615380556,2.54E-05,3.00E-05,2.44E-05,0.0825170539,1.34E-05,0.02458206765,0.05164904958,1.57E-05,3.84E-05,3.74E-05,2.87E-05,0.007949885619,0.06531836272,4.58E-06
22,2.02-native-son.txt,1.13E-05,0.0125597397,1.90E-05,2.82E-04,1.01E-05,0.009072170096,2.10E-05,3.99E-06,4.23E-05,2.30E-05,0.08149004762,9.23E-06,7.44E-06,2.04E-05,0.08523694664,1.46E-05,2.25E-05,1.73E-05,2.30E-05,0.0499946422,6.45E-06,0.1224110439,4.39E-06,4.92E-06,1.40E-05,4.88E-05,1.93E-05,9.35E-06,2.27E-05,8.52E-04,0.02052918624,3.99E-05,0.001944889422,2.37E-05,2.12E-06,0.1385473166,1.17E-05,1.38E-05,1.12E-05,0.3342535337,6.16E-06,0.003113610166,0.08561307156,7.23E-06,1.76E-05,1.72E-05,1.32E-05,0.01537502145,0.0381846682,2.10E-06
23,2.03-native-son.txt,4.12E-04,0.2285424745,2.76E-05,1.29E-05,1.47E-05,0.006050182654,0.01666420982,5.79E-06,6.15E-05,3.34E-05,0.06926948889,1.34E-05,1.08E-05,2.96E-05,0.1412472403,2.12E-05,3.27E-05,2.52E-05,8.25E-04,0.01955653855,9.36E-06,0.1374272286,6.37E-06,7.15E-06,0.005960896583,8.63E-04,2.80E-05,1.36E-05,4.29E-04,4.90E-05,1.19E-04,5.80E-05,0.004409450101,3.44E-05,3.08E-06,0.1149273225,1.69E-05,2.00E-05,1.63E-05,0.04318460294,8.96E-06,0.008087420368,0.1045658618,1.05E-05,2.56E-05,2.50E-05,1.92E-05,0.02510717099,0.07170750876,3.05E-06
24,2.04-native-son.txt,9.42E-06,0.2047831281,1.58E-05,7.40E-06,0.001824536045,6.28E-05,1.75E-05,3.32E-06,0.001397318567,0.002062287738,0.1479922103,7.69E-06,6.20E-06,1.70E-05,0.140896545,1.22E-05,2.46E-04,1.44E-05,1.92E-05,0.01643138498,5.37E-06,0.1768453725,3.65E-06,4.10E-06,0.002281782807,0.003672880106,1.61E-05,7.79E-06,1.89E-05,2.81E-05,0.002565494513,3.32E-05,3.04E-05,1.97E-05,1.77E-06,0.2052648694,0.001144777303,1.15E-05,9.34E-06,0.005684679749,5.13E-06,0.004408791333,0.05903034502,6.02E-06,1.47E-05,1.43E-05,9.19E-04,0.0105324778,0.01159166544,1.75E-06
25,2.05-native-son.txt,2.41E-05,0.08134107059,4.04E-05,1.89E-05,2.15E-05,1.61E-04,0.09412157558,8.49E-06,0.02041535605,0.001791159526,0.07834232614,1.97E-05,1.58E-05,4.34E-05,0.1531064553,3.11E-05,4.80E-05,3.69E-05,4.90E-05,0.01009305026,1.37E-05,0.1730568264,9.34E-06,1.05E-05,2.98E-05,1.04E-04,6.22E-04,1.99E-05,4.83E-05,7.18E-05,0.001916957875,8.51E-05,7.77E-05,5.04E-05,4.52E-06,0.2318187145,2.48E-05,2.94E-05,2.39E-05,0.01976832457,5.94E-04,0.01011657508,0.04473207235,1.54E-05,3.76E-05,3.66E-05,2.81E-05,0.001971858322,0.07494858824,4.48E-06
26,2.06-native-son.txt,1.99E-05,0.3020469607,0.001950931042,1.56E-05,1.78E-05,0.004926513883,3.70E-05,7.01E-06,7.44E-05,4.04E-05,0.09727015349,1.62E-05,1.31E-05,3.59E-05,0.1570706268,2.57E-05,3.96E-05,3.05E-05,4.04E-05,6.62E-04,1.13E-05,0.2099731359,7.71E-06,8.65E-06,0.002421502238,8.58E-05,3.39E-05,1.64E-05,3.98E-05,5.93E-05,1.44E-04,5.50E-04,6.42E-05,0.001959166138,3.73E-06,0.09165456484,2.05E-05,2.42E-05,1.97E-05,0.01919513579,1.08E-05,2.02E-04,0.04507604486,1.27E-05,5.10E-04,3.02E-05,2.32E-05,0.003065936331,0.06043213188,3.70E-06
27,2.07-native-son.txt,2.09E-05,0.01818001081,3.51E-05,1.64E-05,1.87E-05,0.01778061745,0.003063049692,7.37E-06,0.006126613874,4.25E-05,0.09017415309,5.21E-04,1.38E-05,3.77E-05,0.118270774,5.31E-04,4.16E-05,3.21E-05,0.003570750064,0.01380052583,1.19E-05,0.1577640176,8.11E-06,9.10E-06,2.58E-05,9.02E-05,3.57E-05,1.73E-05,4.19E-05,6.24E-05,0.001159777862,7.38E-05,0.001075530187,4.38E-05,3.92E-06,0.4002985444,2.15E-05,2.55E-05,2.07E-05,2.07E-05,1.14E-05,0.006764482165,0.09124433604,1.34E-05,0.001040658281,3.18E-05,2.44E-05,0.002719527312,0.06505112924,3.89E-06
28,2.08-native-son.txt,2.29E-05,0.359154765,3.85E-05,1.80E-05,2.05E-05,7.05E-04,4.26E-05,8.08E-06,8.57E-05,4.66E-05,0.07840082087,1.87E-05,1.51E-05,4.13E-05,0.1031210894,2.96E-05,4.56E-05,3.52E-05,4.66E-05,0.01236477298,1.31E-05,0.1801126383,8.89E-06,9.97E-06,2.83E-05,0.002308857975,5.92E-04,1.90E-05,4.59E-05,6.84E-05,0.00845360238,0.001185889193,7.39E-05,4.80E-05,4.30E-06,0.1133654612,0.001681074898,2.79E-05,2.27E-05,2.27E-05,1.25E-05,0.001889899757,0.08730870241,1.47E-05,3.57E-05,3.49E-05,2.67E-05,0.006295885359,0.04202285857,4.26E-06
29,2.09-native-son.txt,2.80E-05,0.3216689301,4.71E-05,2.20E-05,0.001376405397,1.87E-04,0.01491697619,9.88E-06,1.05E-04,5.70E-05,0.06750368538,2.29E-05,1.84E-05,7.26E-04,0.1112494563,3.62E-05,5.58E-05,4.30E-05,5.70E-05,0.05566240807,1.60E-05,0.1655431307,1.09E-05,1.22E-05,3.46E-05,1.21E-04,4.78E-05,2.32E-05,5.61E-05,8.36E-05,0.001554730011,9.90E-05,0.01900939433,5.87E-05,5.26E-06,0.1068861258,2.89E-05,3.42E-05,2.78E-05,2.77E-05,1.53E-05,9.60E-04,0.07637075663,1.79E-05,4.37E-05,4.26E-05,3.27E-05,0.004321315409,0.05071716154,5.21E-06
30,2.10-native-son.txt,3.35E-05,0.02830441536,5.62E-05,2.63E-05,8.37E-04,0.02766486967,0.01216877873,1.18E-05,1.25E-04,6.81E-05,0.07498424207,2.73E-05,2.20E-05,6.04E-05,0.1280462015,4.33E-05,6.66E-05,5.14E-05,6.81E-05,0.05841837925,1.91E-05,0.1436672884,1.30E-05,1.46E-05,4.14E-05,1.44E-04,5.71E-05,2.77E-05,6.71E-05,9.07E-04,2.43E-04,1.18E-04,1.08E-04,7.01E-05,6.28E-06,0.3932141176,3.45E-05,4.08E-05,3.32E-05,3.31E-05,1.83E-05,0.003567976916,0.08719027523,2.14E-05,5.22E-05,5.09E-05,3.91E-05,0.001126341883,0.03798334332,6.22E-06
31,2.11-native-son.txt,8.69E-06,0.2745490439,1.46E-05,6.82E-06,7.76E-06,4.76E-04,0.009432330813,3.06E-06,0.00484519737,1.77E-05,0.1096266114,7.09E-06,5.71E-06,1.56E-05,0.1279868683,1.12E-05,1.73E-05,1.33E-05,1.77E-05,0.008658763008,4.95E-06,0.1485674376,3.37E-06,3.78E-06,1.07E-05,3.75E-05,1.48E-05,7.18E-06,1.74E-05,2.59E-05,0.07602034215,3.06E-05,0.008607213561,8.55E-04,1.63E-06,0.1197303836,8.94E-06,1.06E-05,0.002101096184,8.58E-06,4.73E-06,7.16E-04,0.07596332259,5.55E-06,1.35E-05,0.001059445956,1.01E-05,8.28E-05,0.03035391094,1.61E-06
32,2.12-native-son.txt,1.47E-05,0.03362900106,2.46E-05,1.15E-05,0.002135508375,4.52E-04,0.02620345147,5.17E-06,5.49E-05,2.98E-05,0.1927505538,1.20E-05,9.65E-06,2.65E-05,0.1477358686,1.90E-05,2.92E-05,2.25E-05,0.005335823564,0.03656891011,8.36E-06,0.2263898156,5.69E-06,6.38E-06,0.01345995242,7.71E-04,2.50E-05,1.21E-05,2.94E-05,4.38E-05,0.00293632982,5.18E-05,0.02021008386,3.07E-05,2.75E-06,0.2384831431,1.51E-05,3.72E-04,1.45E-05,1.45E-05,8.00E-06,0.01040705452,0.009560851497,9.38E-06,2.29E-05,2.23E-05,1.71E-05,0.003677235567,0.02832024567,2.73E-06
33,2.13-native-son.txt,9.07E-06,0.01224484043,1.52E-05,7.12E-06,0.02381243605,6.04E-05,0.2363131171,3.19E-06,3.39E-05,1.84E-05,0.1707590636,7.40E-06,5.96E-06,4.53E-04,0.1329218733,1.17E-05,1.80E-05,1.39E-05,0.001110364934,0.06385245415,5.16E-06,0.144137098,3.51E-06,3.94E-06,0.01224094387,3.91E-05,1.55E-05,7.49E-06,1.81E-05,2.70E-05,0.05793866848,6.87E-04,0.0100750989,1.90E-05,1.70E-06,0.07189154079,9.33E-06,1.10E-05,8.98E-06,8.95E-06,4.94E-06,0.003149316923,0.007649819103,5.79E-06,1.41E-05,1.38E-05,1.06E-05,0.003362206604,0.04696688977,1.68E-06
34,2.14-native-son.txt,7.71E-06,0.02507782424,1.29E-05,6.05E-06,0.2369175193,5.14E-05,0.01542464282,2.72E-06,0.01599614378,1.57E-05,0.09225873111,1.92E-04,5.07E-06,1.39E-05,0.06974546521,9.96E-06,1.53E-05,1.18E-05,1.57E-05,7.06E-05,4.39E-06,0.1294102728,2.99E-06,3.35E-06,0.074647505,0.002818238842,1.31E-05,6.37E-06,1.54E-05,2.30E-05,0.01268121658,0.00188385842,0.008379850158,1.61E-05,1.45E-06,0.1090218107,7.94E-06,9.39E-06,7.64E-06,0.01523227661,1.90E-04,0.006576444871,0.09228161264,4.92E-06,1.20E-05,0.001125713408,8.98E-06,0.001744437314,0.08801736105,1.43E-06
35,2.15-native-son.txt,5.52E-04,0.09677550488,1.88E-05,8.81E-06,0.04163167461,3.45E-04,2.08E-05,3.95E-06,0.003555457976,2.28E-05,0.1007852839,9.15E-06,7.38E-06,2.02E-05,0.07531056531,1.45E-05,2.23E-05,1.72E-05,2.28E-05,0.010913577,6.39E-06,0.1262172216,4.35E-06,4.88E-06,0.0462301027,4.84E-05,1.91E-05,0.00109035221,2.25E-05,3.34E-05,0.03575705379,3.96E-05,0.2378741986,2.35E-05,2.10E-06,0.08032199718,1.16E-05,1.37E-05,1.11E-05,0.004065137736,0.004870979995,0.0133569599,0.0467644958,7.17E-06,1.75E-05,1.71E-05,1.31E-05,0.001728524143,0.07136796179,2.08E-06
36,2.16-native-son.txt,1.41E-05,2.34E-05,2.36E-05,1.10E-05,0.02844859785,0.01668136149,0.00104166715,4.95E-06,3.91E-04,2.86E-05,0.05040805859,1.15E-05,9.24E-06,2.53E-05,0.07063272789,1.82E-05,2.80E-05,2.15E-05,2.86E-05,8.06E-04,8.00E-06,0.1178076154,5.44E-06,6.11E-06,0.2231049052,6.06E-05,2.40E-05,1.16E-05,2.81E-05,4.19E-05,0.03767809904,0.00478892005,0.001399408539,2.94E-05,2.64E-06,0.1683113214,1.45E-05,1.71E-05,1.39E-05,1.39E-05,7.65E-06,1.42E-04,0.1564079047,8.98E-06,2.19E-05,2.14E-05,1.64E-05,0.004196190401,0.1171501661,2.61E-06
37,2.17-native-son.txt,9.86E-04,0.002448838688,3.36E-05,1.58E-05,1.79E-05,6.17E-04,0.005351254679,7.07E-06,0.05079967668,4.08E-05,0.04294946066,1.64E-05,1.32E-05,0.006799422035,0.07277733544,2.59E-05,5.23E-04,3.07E-05,4.08E-05,0.003565320642,1.14E-05,0.0840597094,7.77E-06,8.72E-06,0.4275615843,8.65E-05,3.42E-05,1.66E-05,0.01260054433,5.98E-05,1.45E-04,5.54E-04,0.1222870538,4.19E-05,3.76E-06,0.05419870254,2.06E-05,2.44E-05,1.99E-05,0.006783100223,1.09E-05,6.86E-04,0.03141477787,1.28E-05,3.12E-05,3.05E-05,2.34E-05,0.005022004264,0.06717944278,3.73E-06
38,2.18-native-son.txt,9.61E-06,0.03335706997,0.01066674399,7.55E-06,0.02061522006,0.001684810978,0.001407058535,3.39E-06,0.2799620263,1.95E-05,0.02475233413,9.34E-04,2.38E-04,1.73E-05,0.04090043817,1.24E-05,2.51E-04,1.47E-05,1.95E-05,0.001477241887,5.47E-06,0.05487462707,3.72E-06,4.18E-06,0.2262217872,0.002356803212,1.64E-05,7.94E-06,1.92E-05,2.86E-05,0.02206553822,3.39E-05,0.07389072976,0.01761677835,1.80E-06,0.01277869758,9.90E-06,1.17E-05,4.73E-04,0.006492478959,5.24E-06,0.007043466872,0.01112028981,6.14E-06,0.006034887805,1.46E-05,1.12E-05,0.01722518731,0.1252747428,1.79E-06
39,2.19-native-son.txt,2.23E-05,0.04239635993,0.007544052697,1.75E-05,0.04398777633,0.002293136926,0.003794687774,7.84E-06,0.07890370604,5.81E-04,0.05249619897,1.82E-05,1.46E-05,4.01E-05,0.1006161741,2.88E-05,0.002189052256,3.41E-05,0.01720343562,0.008246770631,1.27E-05,0.07506893969,8.62E-06,0.00108206525,0.2380975513,6.32E-04,3.80E-05,1.84E-05,0.004870297305,6.63E-05,0.002306167605,7.85E-05,0.08747136783,4.65E-05,4.17E-06,0.04460658799,2.29E-05,2.71E-05,2.21E-05,0.01771638015,1.21E-05,0.02006475655,0.02253542337,1.42E-05,0.009149967512,3.38E-05,2.59E-05,0.01468931727,0.1008372888,4.14E-06
40,2.20-native-son.txt,2.51E-05,4.17E-05,4.21E-05,1.97E-05,0.01209970465,0.001978683249,4.65E-05,8.83E-06,9.37E-05,0.002466412229,0.09776904687,2.05E-05,1.65E-05,4.52E-05,0.06983639848,3.24E-05,4.99E-05,3.84E-05,5.09E-05,2.30E-04,1.43E-05,0.1346640968,9.71E-06,1.09E-05,0.2669396234,1.08E-04,4.27E-05,2.07E-05,5.02E-05,7.47E-05,0.006824284789,8.84E-05,8.08E-05,5.24E-05,4.70E-06,0.1462509539,2.58E-05,3.05E-05,2.48E-05,0.03263350966,1.37E-05,8.58E-04,0.1189787697,1.60E-05,3.90E-05,3.81E-05,2.92E-05,0.009296836444,0.09725938,6.09E-04
41,3.00-invisibile-man.txt,2.78E-05,4.62E-05,0.03349146026,2.18E-05,2.48E-05,1.85E-04,0.002727150247,9.78E-06,0.02886639966,5.64E-05,0.1303716626,0.0200895856,0.02276077509,5.00E-05,0.0833773344,3.59E-05,5.52E-05,4.26E-05,0.2314950002,0.005605498068,1.58E-05,0.07759436777,1.08E-05,1.21E-05,3.43E-05,0.006139828749,0.02412765799,2.29E-05,0.006075657491,7.52E-04,0.03699070407,0.005449144971,8.95E-05,0.02815176996,5.21E-06,0.002134557955,2.86E-05,3.38E-05,2.75E-05,2.74E-05,1.51E-05,9.50E-04,0.1030292954,6.87E-04,4.33E-05,4.22E-05,0.007390238585,0.05645197132,0.08432207089,5.16E-06
42,3.01-invisibile-man.txt,1.73E-05,2.89E-05,2.91E-05,1.36E-05,1.55E-05,0.001369284456,8.68E-04,6.11E-06,0.01970549147,0.006303547729,0.1278335262,1.42E-05,1.14E-05,3.13E-05,0.1231296404,2.24E-05,3.45E-05,2.66E-05,3.53E-05,0.00893448776,9.88E-06,0.1128306232,6.72E-06,7.54E-06,2.14E-05,0.007596760627,0.2883709196,1.43E-05,3.47E-05,5.17E-05,0.09665744865,0.01803030004,0.01175674162,3.63E-05,3.25E-06,0.008437602305,0.009629238814,2.11E-05,1.72E-05,1.71E-05,9.45E-06,0.001429468129,0.03971107986,1.11E-05,2.70E-05,2.64E-05,2.02E-05,0.07078802275,0.04599305703,3.22E-06
43,3.02-invisibile-man.txt,9.15E-06,1.52E-05,1.53E-05,7.19E-06,2.29E-04,0.02496732769,1.70E-05,3.22E-06,3.42E-05,0.007071719623,0.05904902578,7.47E-06,6.02E-06,1.65E-05,0.09932756467,0.002656740324,1.82E-05,2.34E-04,0.002222694344,0.0183778392,5.21E-06,0.08618108983,3.55E-06,3.98E-06,1.13E-05,0.01392529566,1.56E-05,0.02359144105,1.83E-05,2.73E-05,0.003813314289,0.02075083003,6.91E-04,0.007733488476,1.72E-06,0.003348284691,9.42E-06,0.3610428916,9.07E-06,9.04E-06,4.98E-06,0.01067241434,0.1201297875,5.85E-06,0.03880643044,1.39E-05,1.07E-05,0.03733648711,0.05754053753,1.70E-06
44,3.03-invisibile-man.txt,1.35E-05,2.25E-05,2.26E-05,1.06E-05,1.21E-05,9.00E-05,2.51E-05,4.75E-06,5.05E-05,2.74E-05,0.05913700593,0.003912185901,8.87E-06,2.43E-05,0.12894969,1.74E-05,2.68E-05,2.07E-05,0.004903892058,0.006950657831,7.69E-06,0.1046825936,5.23E-06,5.87E-06,1.67E-05,0.005584864233,2.30E-05,0.3036525278,0.001652501689,4.02E-05,0.108030334,0.001998199539,4.35E-05,2.82E-05,2.53E-06,0.01404135191,1.39E-05,0.01367054532,1.34E-05,1.33E-05,7.35E-06,0.009889707941,0.09851390886,8.62E-06,0.002621804482,2.05E-05,0.001641219151,0.07262540434,0.05691203412,2.51E-06
45,3.04-invisibile-man.txt,3.41E-05,5.67E-05,5.71E-05,2.68E-05,3.04E-05,0.002688024205,0.002524273203,1.20E-05,1.27E-04,8.90E-04,0.05980757356,2.78E-05,2.24E-05,6.13E-05,0.1408115509,4.40E-05,6.77E-05,8.73E-04,8.90E-04,0.01835952123,1.94E-05,0.1132105681,1.32E-05,0.001655499052,4.20E-05,9.67E-04,5.81E-05,0.1263614966,6.82E-05,1.01E-04,0.02075558308,0.09117860453,1.10E-04,0.002532257766,6.39E-06,0.00918062712,3.51E-05,0.008244939928,3.37E-05,0.003315018426,1.85E-05,0.0347996829,0.1165125804,2.18E-05,0.07798596217,0.003333140918,3.97E-05,0.08482016318,0.07716281816,6.33E-06
46,3.05-invisibile-man.txt,1.11E-05,1.85E-05,0.02219334772,8.71E-06,9.91E-06,3.41E-04,2.88E-04,3.91E-06,0.02862817708,0.001358369077,0.1466485927,0.004818030041,7.29E-06,2.00E-05,0.06509459316,1.43E-05,2.21E-05,1.70E-05,0.02754059237,0.0011702396,6.32E-06,0.06839528541,4.30E-06,0.001340649863,1.37E-05,0.03664951428,0.02513247438,8.11E-04,8.24E-04,3.31E-05,0.02652980829,0.0299616731,0.003241746764,0.04918166089,2.08E-06,5.11E-05,1.14E-05,1.35E-05,0.009361784558,1.10E-05,6.04E-06,0.01827965958,2.75E-04,7.09E-06,0.308593522,0.007497491527,8.14E-04,0.062088088,0.05264798414,2.06E-06
47,3.06-invisibile-man.txt,6.34E-04,4.20E-05,0.01524919738,1.98E-05,2.26E-05,0.006859314801,4.69E-05,8.90E-06,0.02138396954,5.13E-05,0.07111038002,2.06E-05,0.001233148838,6.54E-04,0.08555299343,3.26E-05,5.02E-05,3.87E-05,0.006134048368,0.001447814856,1.44E-05,0.1028002752,9.78E-06,1.10E-05,3.12E-05,0.02018192486,4.31E-05,0.080921249,0.005525003869,7.53E-05,0.03302986081,0.1266099885,0.007380699557,5.28E-05,4.74E-06,7.25E-04,2.60E-05,3.08E-05,2.50E-05,0.001241485087,1.38E-05,0.01911238943,0.1849325017,1.61E-05,0.03653574719,3.84E-05,2.94E-05,0.07444996898,0.09553620944,4.69E-06
48,3.07-invisibile-man.txt,3.55E-05,5.91E-05,5.95E-05,2.79E-05,3.17E-05,0.01476644131,9.21E-04,1.25E-05,1.33E-04,0.03853374585,0.05291060879,2.90E-05,0.01540798082,6.39E-05,0.1142300888,4.58E-05,7.06E-05,5.44E-05,0.02742259564,0.022547238,2.02E-05,0.08376375863,1.37E-05,1.54E-05,4.38E-05,0.002717123172,6.05E-05,0.1017389687,7.10E-05,1.06E-04,0.04470181609,0.07790314585,1.14E-04,7.42E-05,6.65E-06,0.005291601065,0.01200237207,0.002607320955,3.52E-05,3.50E-05,1.93E-05,0.01147072323,0.147887971,2.27E-05,5.53E-05,9.09E-04,4.14E-05,0.1285435085,0.09236027278,6.59E-06
49,3.08-invisibile-man.txt,3.66E-05,6.09E-05,6.14E-05,2.87E-05,3.27E-05,2.44E-04,6.79E-05,1.29E-05,1.37E-04,7.43E-05,0.03780208697,2.98E-05,2.40E-05,6.59E-05,0.1803078365,4.72E-05,7.28E-05,5.61E-05,7.43E-05,0.02500464806,2.08E-05,0.1154217523,1.42E-05,1.59E-05,4.52E-05,1.58E-04,0.005348717669,3.02E-05,0.03179134986,0.00187112304,0.0469613492,0.2847112572,0.005404285791,7.65E-05,6.86E-06,0.00104948107,3.77E-05,4.45E-05,3.62E-05,3.61E-05,1.99E-05,0.02239716096,0.06786669189,2.34E-05,0.00446226951,5.56E-05,4.26E-05,0.07435748788,0.09344627514,6.79E-06
50,3.09-invisibile-man.txt,1.66E-05,2.75E-05,0.003616286664,8.10E-04,1.48E-05,1.10E-04,0.003220530719,5.83E-06,0.007238917517,4.32E-04,0.03823978069,0.02114590651,1.09E-05,8.27E-04,0.1306416472,2.14E-05,3.29E-05,2.54E-05,0.01678006627,0.01410695539,9.43E-06,0.08373349183,6.41E-06,7.20E-06,2.04E-05,0.002463729418,0.007205263121,0.009184340716,0.006412722855,4.93E-05,0.02803073236,0.2253377615,5.34E-05,0.01438869873,3.10E-06,7.62E-05,1.70E-05,0.02354490665,1.64E-05,0.008389562238,9.02E-06,0.004952443138,0.1798361316,1.06E-05,0.00122195636,2.52E-05,1.93E-05,0.08787710834,0.07976933128,3.07E-06
51,3.10-invisibile-man.txt,1.03E-05,1.72E-05,1.73E-05,8.10E-06,9.21E-06,0.01124328934,1.91E-05,3.63E-06,2.87E-04,2.69E-04,0.0660306556,8.41E-06,6.78E-06,1.86E-05,0.1379809467,0.003738175806,2.05E-05,2.64E-04,2.09E-05,0.02790670075,5.87E-06,0.0998270782,3.99E-06,4.48E-06,7.58E-04,0.002279372448,1.76E-05,8.52E-06,2.06E-05,3.07E-05,0.0912096496,0.02809697965,3.32E-05,0.001014854195,1.93E-06,7.92E-04,1.06E-05,0.00920054247,1.02E-05,1.02E-05,5.62E-06,0.009540784857,0.1542162762,6.59E-06,1.61E-05,1.57E-05,1.20E-05,0.04628648319,0.03776045734,0.2709233904
52,3.11-invisibile-man.txt,1.96E-05,3.26E-05,3.29E-05,1.54E-05,1.75E-05,1.31E-04,3.64E-05,6.91E-06,7.33E-05,3.98E-05,0.1090205732,1.60E-05,1.29E-05,3.53E-05,0.1126766758,2.53E-05,3.90E-05,3.00E-05,5.12E-04,0.01623241277,1.12E-05,0.1496712878,0.001896170822,8.52E-06,2.42E-05,0.006694544655,5.06E-04,0.02928913337,3.92E-05,5.84E-05,0.05207797266,0.02886994299,6.32E-05,0.2455559598,3.68E-06,5.62E-04,2.02E-05,2.39E-05,1.94E-05,1.94E-05,1.07E-05,0.0176679717,0.09019299323,0.005206107243,3.05E-05,2.98E-05,2.28E-05,0.08611698898,0.04629904927,3.64E-06
53,3.12-invisibile-man.txt,3.79E-05,9.76E-04,6.36E-05,2.98E-05,0.001860348294,0.04043544324,7.04E-05,1.34E-05,0.005621187642,0.1343239807,0.06201409911,3.09E-05,2.49E-05,6.83E-05,0.1120083995,0.001875459907,7.54E-05,5.81E-05,7.70E-05,0.01039290723,2.16E-05,0.1077659058,1.47E-05,1.65E-05,4.68E-05,1.63E-04,0.008283838372,3.13E-05,7.59E-05,1.13E-04,0.02584572644,0.03483703787,0.001035481074,0.04665474834,0.03105742052,1.75E-04,9.52E-04,0.02653025981,0.002777297365,3.74E-05,2.07E-05,0.02504181307,0.1397524224,2.42E-05,5.91E-05,0.002797349072,4.42E-05,0.09442539416,0.08133469166,7.04E-06
54,3.13-invisibile-man.txt,9.75E-06,0.004479469565,1.64E-05,0.002826549033,8.71E-06,0.007112218525,0.004716254488,3.44E-06,3.65E-05,0.008946299585,0.07561791819,7.96E-06,0.008228169335,1.76E-05,0.1150221297,1.26E-05,1.94E-05,1.49E-05,0.003073612096,0.0787832818,5.55E-06,0.09208447771,3.78E-06,4.24E-06,1.20E-05,4.21E-05,1.66E-05,8.06E-06,0.01552340502,2.64E-04,0.09309402498,0.008491068946,0.003320145258,0.003309096654,1.83E-06,9.85E-04,0.007292168603,2.47E-04,9.66E-06,9.63E-06,5.31E-06,0.004327161284,0.1176952875,0.2043756423,1.52E-05,1.48E-05,1.14E-05,0.06868586619,0.07119132209,1.81E-06
55,3.14-invisibile-man.txt,1.75E-05,0.002976462149,2.93E-05,1.37E-05,1.56E-05,0.004748087346,3.25E-05,6.16E-06,0.01227588196,0.124246202,0.0471180613,1.43E-05,8.54E-04,4.53E-04,0.1021680712,2.26E-05,3.48E-05,2.68E-05,0.003824997414,0.007317989284,9.96E-06,0.1077910176,6.77E-06,7.60E-06,2.16E-05,7.54E-05,2.98E-05,1.44E-05,0.1074035369,5.21E-05,0.03549519928,0.01437747262,0.002161623168,3.66E-05,0.001266437716,0.008922603669,1.80E-05,2.13E-05,1.73E-05,0.00212252801,9.52E-06,0.01870348086,0.1229595175,0.02232698295,0.02107988371,0.002552882749,2.04E-05,0.1462719815,0.08002588783,3.25E-06
56,3.15-invisibile-man.txt,2.41E-05,4.02E-05,4.05E-05,1.90E-05,2.16E-05,1.61E-04,0.01341693049,8.50E-06,6.72E-04,0.2076075408,0.05750315437,1.97E-05,1.59E-05,0.001206271794,0.1649124128,3.12E-05,4.80E-05,3.70E-05,4.90E-05,0.09557004594,1.37E-05,0.1267463497,9.35E-06,1.05E-05,2.98E-05,1.04E-04,0.01341326617,1.99E-05,0.0157460092,7.19E-05,0.01994247293,0.01636424605,6.59E-04,5.05E-05,4.53E-06,6.93E-04,2.48E-05,0.00584335747,2.39E-05,2.38E-05,1.31E-05,0.02233766135,0.1360633093,0.005247985617,3.76E-05,3.67E-05,2.81E-05,0.05371842397,0.04131475115,4.48E-06
57,3.16-invisibile-man.txt,1.50E-05,2.49E-05,2.51E-05,1.17E-05,1.34E-05,4.60E-04,0.001468690919,5.27E-06,0.001857056778,0.009756628124,0.09542706588,1.22E-05,9.83E-06,2.69E-05,0.1198304107,1.93E-05,0.001110439246,2.29E-05,0.1401602168,0.02715428017,8.52E-06,0.06880531501,5.79E-06,6.50E-06,1.85E-05,0.004747492783,0.009031269875,0.007216974367,0.1351165274,7.65E-04,0.07143415054,0.005816452734,0.009414220438,0.01516097213,2.80E-06,4.29E-04,3.76E-04,1.82E-05,1.48E-05,1.48E-05,8.15E-06,0.01780286904,0.08790661134,0.01694040669,0.03064292197,2.27E-05,1.74E-05,0.07038751344,0.05045439421,2.78E-06
58,3.17-invisibile-man.txt,1.29E-05,3.32E-04,2.16E-05,1.01E-05,1.15E-05,7.07E-04,2.40E-05,4.54E-06,0.006263269832,2.62E-05,0.06025650512,1.05E-05,0.2498533293,2.32E-05,0.1304068522,1.67E-05,2.57E-05,1.98E-05,0.006241260356,0.0358546634,7.35E-06,0.04816764915,5.00E-06,9.38E-04,1.59E-05,5.56E-05,0.00344027006,1.07E-05,0.1150041709,3.84E-05,0.0510569121,0.009057328196,4.16E-05,2.70E-05,2.42E-06,0.002234668872,0.02363045645,1.57E-05,1.28E-05,1.27E-05,7.03E-06,0.007278040428,0.1162302159,0.001562002683,0.008721158538,1.96E-05,1.50E-05,0.06538089586,0.05688670506,2.40E-06
59,3.18-invisibile-man.txt,1.56E-05,0.002278189036,2.61E-05,1.22E-05,1.39E-05,1.04E-04,2.89E-05,5.49E-06,0.003436634448,0.001533174159,0.03787739074,0.00113884228,0.01690215536,2.81E-05,0.1087271727,2.01E-05,3.10E-05,2.39E-05,4.07E-04,0.001644222293,8.88E-06,0.09759896302,6.04E-06,6.77E-06,1.92E-05,6.72E-05,0.001152696117,1.29E-05,0.3029594459,4.22E-04,0.03126917646,0.02220214716,0.006431631883,3.26E-05,2.92E-06,7.18E-05,1.60E-05,3.94E-04,1.54E-05,1.54E-05,8.49E-06,0.007665441146,0.1974583592,9.96E-06,7.75E-04,2.37E-05,1.82E-05,0.08273114598,0.0743473976,2.89E-06
60,3.19-invisibile-man.txt,2.66E-05,4.43E-05,4.46E-05,2.09E-05,2.38E-05,1.77E-04,4.94E-05,9.38E-06,0.02125336253,5.41E-05,0.0685291393,2.17E-05,0.03463294423,4.79E-05,0.1164418014,3.44E-05,6.94E-04,4.08E-05,0.03851568518,0.008577069346,1.52E-05,0.1282075165,1.03E-05,1.16E-05,3.29E-05,0.00716605573,6.86E-04,2.20E-05,0.1218483601,7.93E-05,0.02391093902,9.39E-05,8.58E-05,0.06287627962,4.99E-06,1.23E-04,2.74E-05,3.24E-05,2.64E-05,2.63E-05,1.45E-05,0.01693638586,0.1051466685,1.70E-05,4.15E-05,4.04E-05,3.10E-05,0.1791000325,0.0641419473,4.94E-06
61,3.20-invisibile-man.txt,1.54E-05,2.57E-05,0.001886027517,1.21E-05,1.38E-05,1.03E-04,2.87E-05,5.44E-06,0.01531072485,0.005983775593,0.08032198338,1.26E-05,0.0215875578,2.78E-05,0.1903457676,0.002996142794,3.07E-05,2.37E-05,4.03E-04,0.05594507617,8.80E-06,0.08519479231,5.98E-06,6.71E-06,1.91E-05,6.66E-05,3.98E-04,1.28E-05,0.04839405877,7.90E-04,0.06112394798,5.45E-05,4.98E-05,4.04E-04,2.90E-06,7.11E-05,0.2663852339,1.88E-05,1.53E-05,1.53E-05,8.41E-06,0.002388660714,0.04762970125,9.87E-06,2.41E-05,2.35E-05,1.80E-05,0.08199247424,0.02978472423,2.87E-06
62,3.21-invisibile-man.txt,1.90E-05,0.001402693358,3.18E-05,1.49E-05,1.69E-05,0.003782771784,3.52E-05,6.68E-06,5.28E-04,0.006437106993,0.1032475125,0.007328104973,1.25E-05,3.42E-05,0.1113570364,2.45E-05,9.52E-04,2.91E-05,0.006894139721,0.03490873131,1.08E-05,0.07312777282,7.35E-06,8.25E-06,2.34E-05,0.00282405595,3.23E-05,1.57E-05,0.0329447831,5.65E-05,0.01887616561,0.0146921839,6.12E-05,0.00506710673,3.56E-06,8.74E-05,0.3016652699,2.31E-05,0.001846955179,1.87E-05,1.03E-05,0.005219711225,0.06445552352,1.21E-05,0.03110820508,2.88E-05,2.21E-05,0.09113153433,0.07955277981,3.52E-06
63,3.22-invisibile-man.txt,2.15E-05,3.58E-05,3.61E-05,1.69E-05,1.92E-05,0.001696892102,3.99E-05,7.57E-06,0.01043770811,0.005222364888,0.04707684902,0.02642876683,1.41E-05,3.87E-05,0.1028737292,2.78E-05,4.28E-05,3.30E-05,0.006775959279,0.0141793083,1.22E-05,0.08234261704,8.33E-06,9.35E-06,2.65E-05,9.27E-05,3.67E-05,5.36E-04,0.231529652,6.41E-05,0.01517402366,7.58E-05,0.01301599499,4.50E-05,4.03E-06,0.002688330264,0.03368349966,2.62E-05,2.13E-05,2.12E-05,1.17E-05,0.003842943652,0.174018126,1.37E-05,3.35E-05,3.27E-05,0.001060791525,0.1571185849,0.06942592078,3.99E-06
64,3.23-invisibile-man.txt,1.04E-05,1.74E-05,1.75E-05,8.20E-06,9.32E-06,0.003087701876,1.94E-05,3.68E-06,0.00959638127,2.12E-05,0.06536857349,0.2027249641,0.03270306525,5.22E-04,0.1613806187,0.001271032911,2.08E-05,1.60E-05,0.01687233563,0.03731899171,5.95E-06,0.06338117174,4.05E-06,4.54E-06,1.29E-05,4.50E-05,0.001023838552,8.63E-06,0.0342261542,3.11E-05,0.04484434739,0.01512738924,3.37E-05,2.18E-05,1.96E-06,0.00382071655,0.04150977374,0.001521771224,1.03E-05,1.03E-05,5.69E-06,0.008405618045,0.08652634535,6.67E-06,1.63E-05,0.002530959876,1.22E-05,0.1097575078,0.05610196545,1.94E-06
65,3.24-invisibile-man.txt,1.70E-05,2.83E-05,4.38E-04,1.33E-05,1.52E-05,5.22E-04,3.15E-05,5.98E-06,0.01847595644,0.007808671872,0.06460942963,0.02333630926,0.005739488414,3.06E-05,0.1340627091,2.19E-05,0.003307113618,4.35E-04,0.02540279504,0.04884629472,0.09943695997,0.09410950386,6.58E-06,7.38E-06,2.10E-05,7.33E-05,0.01598642603,1.40E-05,0.008217313471,5.06E-05,0.009124804519,0.01192573257,5.48E-05,3.55E-05,0.04296559321,7.82E-05,0.01270162739,2.07E-05,1.68E-05,1.68E-05,9.25E-06,0.01326544655,0.1059855995,0.01064916155,0.002890618397,2.58E-05,1.98E-05,0.2014714056,0.03766831484,3.16E-06
66,3.25-invisibile-man.txt,9.15E-06,1.52E-05,1.54E-05,7.19E-06,8.18E-06,0.002045578755,2.38E-04,3.22E-06,3.42E-05,0.005090272595,0.1302989273,0.008386746799,0.01169290559,1.65E-05,0.1066481107,1.18E-05,1.82E-05,1.40E-05,0.01126447416,0.1414290212,5.21E-06,0.06593242474,3.55E-06,3.98E-06,1.13E-05,7.01E-04,1.56E-05,7.56E-06,0.01302825314,2.73E-05,0.09664857213,0.001575845769,2.95E-05,1.91E-05,0.2308728669,4.22E-05,0.01346037035,0.007949411449,4.50E-04,9.04E-06,4.99E-06,0.01486675986,0.047194848,5.85E-06,0.00398339019,6.75E-04,1.07E-05,0.04088106995,0.04433547534,1.70E-06
67,3.26-invisibile-man.txt,3.73E-05,6.21E-05,0.002760471661,2.93E-05,3.33E-05,2.49E-04,6.93E-05,1.32E-05,0.04960011446,9.75E-04,0.03768468379,0.01082185589,2.45E-05,6.73E-05,0.09500822703,4.82E-05,7.43E-05,5.72E-05,0.3112277475,0.01383115407,2.13E-05,0.08363632845,1.45E-05,1.62E-05,4.61E-05,0.001060278178,6.37E-05,0.02341220102,0.01716109704,1.11E-04,2.71E-04,1.32E-04,1.20E-04,7.81E-05,7.00E-06,1.72E-04,3.84E-05,4.55E-05,3.70E-05,3.69E-05,2.03E-05,0.003076188831,0.1430116115,2.38E-05,5.82E-05,5.67E-05,4.35E-05,0.06870119823,0.1358468026,6.94E-06
68,4.01-to-kill-a-mocking-bird.txt,2.02E-05,3.36E-05,0.01803000414,1.59E-05,1.80E-05,0.02591282513,3.75E-05,7.11E-06,7.55E-05,4.10E-05,0.02427302029,1.65E-05,1.33E-05,3.64E-05,0.1326115063,0.01072648547,0.03505966792,0.2077160634,4.10E-05,0.03860910252,1.15E-05,0.01848414853,7.82E-06,8.78E-06,0.01072532958,0.00105983917,0.002466335722,1.67E-05,0.004417851736,0.2520060534,1.46E-04,0.008826109664,0.01660208982,0.007824337294,3.79E-06,9.30E-05,2.08E-05,0.003915646542,2.00E-05,1.99E-05,0.007306728115,0.01674161546,0.04913844421,1.29E-05,0.005381652989,0.01316299957,2.35E-05,0.007001728859,0.08125558713,3.75E-06
69,4.02-to-kill-a-mocking-bird.txt,0.3363773497,6.23E-05,6.28E-05,2.94E-05,3.34E-05,0.001151214675,6.95E-05,1.32E-05,0.02087939086,0.01901210673,0.016145452,3.05E-05,2.46E-05,6.74E-05,0.1096926878,4.84E-05,0.001877891398,0.01177967672,7.61E-05,3.43E-04,2.13E-05,0.03967851261,1.45E-05,1.63E-05,9.48E-04,1.61E-04,6.38E-05,3.09E-05,7.49E-05,0.1786512483,0.01289543112,0.02357666727,0.001924124742,7.83E-05,7.02E-06,1.72E-04,3.85E-05,4.56E-05,0.00725081471,3.70E-05,2.04E-05,0.01570852877,0.1046247081,2.39E-05,5.83E-05,5.69E-05,4.36E-05,0.02560469628,0.06407704022,0.006318963268
70,4.03-to-kill-a-mocking-bird.txt,0.2040824996,4.67E-05,4.71E-05,2.20E-05,2.51E-05,0.006943725525,5.21E-05,9.88E-06,0.008212978339,5.70E-05,0.01817926496,2.29E-05,1.84E-05,0.02572625553,0.1153035182,7.12E-04,0.007488241714,0.002745699619,5.70E-05,0.01444611156,1.60E-05,0.05743481195,1.09E-05,1.22E-05,3.46E-05,0.01093179581,4.78E-05,0.002725883712,5.61E-05,0.2534624663,2.03E-04,9.90E-05,9.04E-05,5.87E-05,5.26E-06,1.29E-04,2.89E-05,3.42E-05,2.78E-05,2.77E-05,1.53E-05,0.002311297145,0.1912358453,1.79E-05,0.00342207628,0.002745335868,3.27E-05,0.0137807933,0.05679825447,5.21E-06
71,4.04-to-kill-a-mocking-bird.txt,0.04101462685,5.15E-05,5.19E-05,2.43E-05,2.76E-05,0.01659965843,5.74E-05,1.09E-05,0.01501879848,0.001553186303,0.01706803944,2.52E-05,2.03E-05,5.57E-05,0.1428087081,4.00E-05,0.02390659097,0.1662176653,6.29E-05,0.02338321227,1.76E-05,0.01937661099,0.001502301539,1.34E-05,3.82E-05,0.003114035213,5.27E-05,2.56E-05,6.19E-05,0.2668587844,0.003204921889,1.09E-04,9.97E-05,8.10E-04,5.80E-06,1.42E-04,0.00152216476,3.77E-05,3.07E-05,3.05E-05,1.68E-05,0.006274762446,0.1140304235,1.98E-05,0.003773974597,4.70E-05,0.02239079727,0.03457200747,0.07381629336,5.75E-06
72,4.05-to-kill-a-mocking-bird.txt,3.28E-05,5.47E-05,5.51E-05,2.58E-05,2.93E-05,0.01050373737,6.10E-05,1.16E-05,9.14E-04,6.67E-05,0.02365927843,2.68E-05,2.16E-05,5.92E-05,0.1168110849,4.24E-05,0.009559021921,0.1108100847,6.67E-05,0.04776925727,1.87E-05,0.01424319395,1.27E-05,1.43E-05,0.003996248582,0.003306199217,0.02299908659,2.71E-05,0.01193285193,0.3331682594,0.005776117554,0.01672982932,1.06E-04,0.01905606793,6.16E-06,0.004898079202,3.38E-05,4.00E-05,3.25E-05,3.24E-05,0.002391312366,0.02485821581,0.1432190764,0.004767827433,5.12E-05,8.41E-04,3.83E-05,0.01218003913,0.05463719176,6.10E-06
73,4.06-to-kill-a-mocking-bird.txt,3.51E-05,5.85E-05,5.89E-05,2.76E-05,3.14E-05,0.0027721673,0.001757264656,1.24E-05,1.31E-04,7.14E-05,0.1073651178,2.87E-05,2.31E-05,6.33E-05,0.162985909,4.54E-05,6.99E-05,0.1404941054,7.14E-05,0.06461961909,2.00E-05,0.01353925137,1.36E-05,1.53E-05,4.34E-05,0.02722428492,5.99E-05,2.90E-05,7.03E-05,0.3122881723,0.002792727569,9.70E-04,0.007727471296,7.34E-05,6.59E-06,0.01962031689,3.62E-05,0.02203944293,3.48E-05,3.47E-05,1.91E-05,0.002894011383,0.09393296993,2.24E-05,5.47E-05,5.34E-05,4.09E-05,0.004564761005,0.01105015627,6.52E-06
74,4.07-to-kill-a-mocking-bird.txt,0.1083775739,9.13E-05,9.20E-05,4.31E-05,4.90E-05,0.02018064986,0.001422834688,1.93E-05,0.001526008798,1.11E-04,0.003837874222,0.01457584488,3.61E-05,9.88E-05,0.1461681585,7.08E-05,1.09E-04,8.41E-05,1.11E-04,0.009749315137,3.12E-05,0.02114057733,2.12E-05,2.38E-05,6.77E-05,0.01476759426,0.0185876258,0.001366319648,1.10E-04,0.3621198988,3.98E-04,1.93E-04,1.77E-04,1.15E-04,1.03E-05,0.03459875528,5.65E-05,6.68E-05,5.43E-05,5.42E-05,2.99E-05,0.001876774798,0.1493116646,3.50E-05,8.54E-05,8.33E-05,0.004026944501,0.01373259437,0.07009439228,1.02E-05
75,4.08-to-kill-a-mocking-bird.txt,2.49E-05,4.15E-05,4.18E-05,1.96E-05,2.23E-05,0.0692353714,0.02707336926,8.78E-06,9.32E-05,0.02887955244,0.02516836774,2.03E-05,1.64E-05,4.49E-05,0.1211106449,3.22E-05,4.96E-05,3.82E-05,5.07E-05,0.04707527879,1.42E-05,0.05765977317,9.66E-06,1.08E-05,3.08E-05,0.006714141523,4.25E-05,2.06E-05,4.99E-05,0.3898647708,0.02780845412,0.009697587977,8.04E-05,0.001853946103,4.68E-06,0.004319021286,2.57E-05,3.04E-05,0.001225907593,2.46E-05,1.36E-05,8.53E-04,0.09971698927,0.04205804288,3.88E-05,3.79E-05,2.91E-05,0.02306042092,0.01565243122,4.63E-06
76,4.09-to-kill-a-mocking-bird.txt,1.91E-05,3.18E-05,0.01982950907,1.50E-05,1.71E-05,0.03051417207,0.003718735027,6.73E-06,5.32E-04,9.60E-04,0.01376855406,1.56E-05,1.26E-05,0.01246538672,0.102508826,2.47E-05,0.2795043195,0.01982674249,0.002801273438,0.02043290164,1.09E-05,0.02854670276,7.41E-06,8.31E-06,0.001404811573,8.24E-05,0.002334615959,1.58E-05,3.83E-05,0.1750111528,1.39E-04,0.005131892641,5.22E-04,0.002341998927,3.58E-06,8.80E-05,1.97E-05,0.004166929104,1.89E-05,1.89E-05,1.04E-05,6.54E-04,0.1735860958,1.22E-05,0.00233180007,2.90E-05,2.23E-05,0.009390221649,0.08704489127,3.55E-06
77,4.10-to-kill-a-mocking-bird.txt,2.75E-05,0.00203116802,4.61E-05,2.16E-05,2.45E-05,0.01011033945,5.10E-05,9.68E-06,0.00274996174,5.58E-05,0.03038077255,2.24E-05,1.81E-05,0.01130034189,0.1162469952,3.55E-05,0.02652723536,0.003351182781,5.58E-05,0.08430208241,1.56E-05,0.01919484542,1.06E-05,1.19E-05,3.39E-05,1.18E-04,0.003355915823,2.27E-05,7.17E-04,0.3448873022,1.99E-04,0.003405999894,8.86E-05,5.75E-05,5.15E-06,7.88E-04,2.83E-05,3.35E-05,2.72E-05,2.71E-05,1.50E-05,9.40E-04,0.1482653389,1.76E-05,4.28E-05,4.18E-05,0.1357040216,0.02276346789,0.03180764035,5.10E-06
78,4.11-to-kill-a-mocking-bird.txt,0.006066261191,3.48E-05,3.51E-05,1.64E-05,1.87E-05,0.003665846008,0.002557727522,7.37E-06,0.01871800415,0.0297654697,0.03622436482,1.71E-05,1.37E-05,3.77E-05,0.1554908427,2.70E-05,0.1703189256,0.006077403044,4.25E-05,0.02840316642,1.19E-05,0.05642494648,8.10E-06,9.09E-06,0.002040933285,9.02E-05,0.009103680293,1.73E-05,4.19E-05,0.2428838386,0.004181868006,0.00561535124,6.74E-05,4.37E-05,3.92E-06,0.004126533948,2.15E-05,2.55E-05,2.07E-05,2.07E-05,1.14E-05,0.03094246969,0.1133646481,1.34E-05,3.26E-05,3.18E-05,0.009596177857,0.00372571541,0.05998056715,3.89E-06
79,4.12-to-kill-a-mocking-bird.txt,0.02357912449,3.87E-05,0.003965029703,1.83E-05,2.08E-05,0.02146761394,4.32E-05,8.20E-06,0.001208742426,0.00509500069,0.03247636195,1.90E-05,1.53E-05,0.03032802661,0.09234388154,5.91E-04,0.017993622,0.03256518307,4.73E-05,0.002456652009,0.001134967322,0.03926162046,9.02E-06,1.01E-05,2.87E-05,0.01580430277,0.003404817134,0.001140944096,4.66E-05,0.1772990636,0.01026417584,0.01746859584,0.001757629758,0.00790063808,4.37E-06,0.0191762273,2.40E-05,0.007880303265,2.31E-05,2.30E-05,1.27E-05,2.36E-04,0.1329382406,1.49E-05,3.63E-05,0.2400806402,2.71E-05,0.01480402526,0.04490262609,4.33E-06
80,4.13-to-kill-a-mocking-bird.txt,0.01674315727,5.77E-05,0.01593123013,2.72E-05,3.10E-05,0.002737428278,6.44E-05,1.22E-05,0.01934439435,7.05E-05,0.02748984042,2.83E-05,2.28E-05,0.01593553046,0.1058054967,4.48E-05,0.260721243,5.32E-05,7.05E-05,0.00533017445,0.01171568692,0.04428027047,1.34E-05,1.51E-05,4.28E-05,1.50E-04,0.01342591299,0.00253492677,6.94E-05,0.1797194966,0.001086883097,0.00179320066,0.01180775508,0.02847693987,6.50E-06,1.60E-04,3.57E-05,4.22E-05,0.008388602167,3.43E-05,1.89E-05,0.001186897688,0.09359128611,0.01505978576,8.89E-04,8.88E-04,4.04E-05,0.01787434075,0.09612492064,6.44E-06
81,4.14-to-kill-a-mocking-bird.txt,3.07E-05,5.10E-05,5.14E-05,2.41E-05,2.74E-05,0.05855012007,0.00153403706,1.08E-05,1.15E-04,0.0192647172,0.02873363558,2.50E-05,2.02E-05,7.94E-04,0.1526213549,3.96E-05,0.06874650987,0.08645781153,0.001539410834,0.02760729915,1.75E-05,0.05539402939,1.19E-05,1.33E-05,3.78E-05,1.32E-04,7.91E-04,2.53E-05,6.14E-05,0.2054093881,0.003915071804,1.08E-04,0.02003981283,8.03E-04,5.75E-06,0.009003828618,3.16E-05,0.006684325903,3.04E-05,3.03E-05,1.67E-05,0.02837577173,0.1492089585,1.96E-05,4.78E-05,0.004477918818,3.57E-05,0.009893325607,0.05912955934,5.70E-06
82,4.15-to-kill-a-mocking-bird.txt,0.02844380875,4.09E-05,0.003001566123,1.93E-05,2.20E-05,0.004308292586,4.56E-05,8.66E-06,0.002460148818,5.00E-05,0.04494102386,2.01E-05,1.62E-05,0.02254283541,0.1626106237,0.009504825694,0.02491571817,0.04799512487,4.99E-05,0.04640635717,1.40E-05,0.0526959787,9.52E-06,1.07E-05,3.03E-05,0.01549974598,6.34E-04,2.03E-05,4.92E-05,0.2724242183,0.028005374,0.004231183079,7.92E-05,5.14E-05,4.61E-06,1.13E-04,0.01245871915,6.22E-04,2.44E-05,2.43E-05,1.34E-05,0.01919524479,0.1006683185,1.57E-05,3.83E-05,0.004773891612,0.0266716769,0.01089139476,0.0533223248,4.57E-06
83,4.16-to-kill-a-mocking-bird.txt,0.03455093132,4.26E-05,0.001892504306,2.01E-05,2.29E-05,0.02483154461,4.75E-05,9.02E-06,0.004411342158,5.20E-05,0.06036093327,0.001870454959,1.68E-05,0.120884792,0.1002769196,0.008047870774,0.04937282275,0.03024889934,5.20E-05,0.02736145644,0.01974334179,0.01973083414,9.92E-06,1.11E-05,3.16E-05,7.27E-04,4.36E-05,2.11E-05,5.12E-05,0.1807177807,0.01374909715,0.01118772397,0.03399133588,5.35E-05,4.80E-06,0.01244833162,0.001259398489,0.00126421803,2.54E-05,2.53E-05,1.39E-05,0.01074028612,0.1436676411,1.64E-05,3.99E-05,0.03394771088,2.98E-05,0.00270995201,0.04935967643,4.75E-06
84,4.17-to-kill-a-mocking-bird.txt,0.006627149192,3.80E-05,3.83E-05,0.001669023609,2.04E-05,0.01115945291,4.24E-05,8.05E-06,8.54E-05,0.002798227632,0.02966722359,1.86E-05,1.50E-05,0.3654792723,0.1054756074,0.001130229196,0.002797239522,3.50E-05,4.64E-05,0.02332430969,1.30E-05,0.07209882442,8.85E-06,9.93E-06,2.82E-05,0.01220641798,0.001139671116,1.89E-05,5.96E-04,0.1046362251,1.66E-04,0.001731679148,0.04190091888,0.007202441212,4.29E-06,1.05E-04,2.35E-05,2.78E-05,2.26E-05,2.26E-05,1.24E-05,0.01454086683,0.09467736522,1.46E-05,0.008290966942,3.47E-05,0.03745101451,0.01232557506,0.04020988926,4.24E-06
85,4.18-to-kill-a-mocking-bird.txt,2.72E-05,4.53E-05,7.01E-04,2.14E-05,0.006577388587,1.81E-04,5.05E-05,9.58E-06,0.01124195064,5.53E-05,0.006491008149,2.22E-05,1.79E-05,0.3827495987,0.1249339677,3.51E-05,0.00202004061,4.17E-05,5.53E-05,0.01138940779,1.55E-05,0.07274152413,1.05E-05,1.18E-05,3.36E-05,1.17E-04,4.64E-05,2.25E-05,5.44E-05,0.1304876117,0.003473791579,9.60E-05,0.03481910169,5.69E-05,5.10E-06,1.25E-04,2.80E-05,3.31E-05,6.82E-04,2.69E-05,1.48E-05,0.01010533568,0.1369783057,1.74E-05,4.24E-05,4.13E-05,3.17E-05,0.01139945427,0.05180956896,5.05E-06
86,4.19-to-kill-a-mocking-bird.txt,3.22E-05,5.36E-05,8.30E-04,2.53E-05,2.88E-05,0.04757517929,5.98E-05,1.14E-05,1.20E-04,6.55E-05,0.02088922356,2.63E-05,2.12E-05,0.3750589017,0.1169636737,4.16E-05,6.41E-05,0.01402458692,6.55E-05,2.95E-04,1.84E-05,0.08074812803,1.25E-05,1.40E-05,3.98E-05,1.39E-04,5.50E-05,2.66E-05,8.41E-04,0.1033571563,2.34E-04,1.14E-04,0.02805429323,6.74E-05,6.04E-06,0.008688806709,3.32E-05,0.02100203304,3.19E-05,3.18E-05,1.76E-05,0.004985036867,0.1281280039,2.06E-05,5.02E-05,4.90E-05,3.76E-05,3.07E-04,0.04663151188,5.99E-06
87,4.20-to-kill-a-mocking-bird.txt,4.43E-05,7.37E-05,0.03525558442,3.48E-05,3.95E-05,0.001361084947,8.22E-05,1.56E-05,0.03001628018,0.003288252688,0.02974983529,3.61E-05,2.91E-05,0.2037050867,0.06039344206,0.003255471831,0.00648464269,0.03631527956,8.99E-05,0.001471436771,2.52E-05,0.02985441595,1.71E-05,1.92E-05,5.46E-05,1.91E-04,7.55E-05,3.66E-05,8.86E-05,0.05556916789,0.07494798724,0.01294935326,0.1206121498,0.001158654858,8.30E-06,0.003402097865,4.56E-05,5.39E-05,4.39E-05,4.37E-05,2.41E-05,0.004712928251,0.1460862695,2.83E-05,6.89E-05,0.02991809748,5.16E-05,0.00255388242,0.1056093362,8.22E-06
88,4.21-to-kill-a-mocking-bird.txt,4.65E-05,7.74E-05,0.002317629574,3.65E-05,4.15E-05,0.01262791732,8.63E-05,1.64E-05,0.001293603572,9.45E-05,0.02900934307,3.79E-05,3.06E-05,0.2330072294,0.1843778344,6.00E-05,0.03144755523,7.13E-05,0.001214290405,0.02058260111,2.65E-05,0.03919761377,1.80E-05,2.02E-05,5.74E-05,0.004679775779,7.93E-05,0.00339788335,9.30E-05,0.1849095772,0.008175833715,0.005763127253,0.03150497159,9.72E-05,8.72E-06,2.14E-04,4.79E-05,5.66E-05,0.001165885743,4.59E-05,2.53E-05,0.04862357593,0.09969629012,0.007868468999,7.24E-05,0.001190473237,0.01685154979,0.02619889125,0.003428065771,8.64E-06
89,4.22-to-kill-a-mocking-bird.txt,5.35E-05,0.001377697158,8.97E-05,4.20E-05,4.78E-05,0.03386184458,9.93E-05,1.88E-05,2.00E-04,1.09E-04,0.01791921571,4.37E-05,3.52E-05,0.05164295478,0.116815994,6.91E-05,0.03876635042,0.04776258407,1.09E-04,4.90E-04,3.05E-05,0.05799423105,2.07E-05,2.33E-05,6.60E-05,2.31E-04,9.12E-05,4.42E-05,1.07E-04,0.3107275969,3.88E-04,1.89E-04,1.72E-04,1.12E-04,1.00E-05,0.002823667693,5.51E-05,6.52E-05,5.30E-05,5.28E-05,2.91E-05,5.42E-04,0.1997797367,0.05673541716,8.33E-05,8.13E-05,6.24E-05,0.01597368609,0.04389353017,9.94E-06
90,4.23-to-kill-a-mocking-bird.txt,0.05988398415,4.50E-05,4.53E-05,2.12E-05,2.41E-05,0.01969860153,5.02E-05,9.52E-06,0.006607158953,5.49E-05,0.01164950768,2.20E-05,1.78E-05,0.1060996031,0.07784586791,3.49E-05,0.09374290595,0.009800686908,5.49E-05,0.00154860632,1.54E-05,0.007158995915,1.05E-05,1.17E-05,0.005888915853,7.67E-04,0.001997908193,2.23E-05,7.05E-04,0.1887600934,0.009955123382,9.53E-05,0.01309947076,5.65E-05,5.07E-06,0.02224542754,2.78E-05,3.29E-05,2.68E-05,2.67E-05,1.47E-05,2.74E-04,0.2557119303,1.73E-05,4.21E-05,4.10E-05,3.15E-05,9.08E-04,0.1047895608,5.02E-06
91,4.24-to-kill-a-mocking-bird.txt,0.001301156612,4.40E-05,4.44E-05,2.08E-05,2.36E-05,1.76E-04,4.91E-05,9.32E-06,9.89E-05,5.38E-05,0.03499385635,2.16E-05,1.74E-05,0.0217175568,0.115773874,3.42E-05,0.2823985917,4.06E-05,5.38E-05,0.01936281662,1.51E-05,0.03059492944,1.03E-05,1.15E-05,3.27E-05,0.003300851367,0.008330658478,2.19E-05,0.00706380548,0.1657898007,0.005927987907,9.33E-05,7.23E-04,0.01471437689,4.96E-06,1.22E-04,2.72E-05,3.22E-05,2.62E-05,2.61E-05,1.44E-05,0.01683923624,0.1294001738,1.69E-05,4.12E-05,0.0223474529,3.08E-05,0.0448665798,0.0733342666,4.92E-06
92,4.25-to-kill-a-mocking-bird.txt,6.87E-05,1.14E-04,1.15E-04,5.40E-05,6.14E-05,0.02363702303,1.28E-04,2.42E-05,2.57E-04,1.40E-04,0.04454534464,5.61E-05,4.52E-05,0.07628311914,0.2212740274,8.88E-05,1.37E-04,0.07792028508,0.01669603638,0.005596390041,0.006661693163,0.06126412703,2.66E-05,2.99E-05,8.48E-05,0.02016404705,0.001772821596,5.68E-05,1.38E-04,0.2502060276,0.00215397706,2.42E-04,2.22E-04,1.44E-04,1.29E-05,3.16E-04,0.01828277059,8.37E-05,6.81E-05,6.79E-05,3.74E-05,0.004007822296,0.08117340011,4.39E-05,1.07E-04,1.04E-04,0.02491466426,6.55E-04,0.05970434602,1.28E-05
93,4.26-to-kill-a-mocking-bird.txt,0.1870320121,0.001265198427,8.24E-05,3.86E-05,4.39E-05,0.01807898921,9.12E-05,1.73E-05,0.01083457456,0.001283284308,0.001071316934,4.01E-05,3.23E-05,8.85E-05,0.1120108846,6.35E-05,0.00956521151,0.0509630467,9.98E-05,0.00755056239,0.002394852506,0.0260395635,1.90E-05,2.14E-05,6.06E-05,0.003762174112,8.38E-05,4.06E-05,9.83E-05,0.1906796083,3.56E-04,0.00727393727,0.001341837467,0.01312053579,9.21E-06,0.01561089112,5.06E-05,0.008343884092,4.87E-05,4.85E-05,2.68E-05,0.008781938973,0.1526969703,3.14E-05,7.65E-05,7.47E-05,0.02609285279,0.06910737705,0.0675283403,0.005926306665
94,4.27-to-kill-a-mocking-bird.txt,0.007615088002,6.54E-05,0.007641722122,3.09E-05,9.82E-04,0.00499688273,7.30E-05,1.38E-05,0.002040899758,7.99E-05,0.01127395097,3.21E-05,2.58E-05,0.06825282273,0.1426603086,5.08E-05,0.06257836797,6.03E-05,0.002920801375,0.02687526604,2.24E-05,0.02367748518,1.52E-05,1.71E-05,4.85E-05,0.001116505205,6.70E-05,3.25E-05,7.87E-05,0.1535266685,0.003125951654,0.002979606639,0.005808584791,0.003870100449,7.37E-06,1.81E-04,4.05E-05,4.79E-05,3.90E-05,3.88E-05,2.14E-05,0.025019683,0.08051963237,2.51E-05,6.12E-05,0.0161582725,0.2576222805,0.01268519974,0.07486881508,7.30E-06
95,4.28-to-kill-a-mocking-bird.txt,2.22E-05,3.69E-05,0.00323887186,1.74E-05,1.98E-05,0.008685548986,4.11E-05,7.80E-06,8.28E-05,0.002179497238,0.06718540738,1.81E-05,1.46E-05,0.003241618652,0.1732387268,2.86E-05,0.01285091419,0.01604251535,0.002179489922,0.04129152748,1.26E-05,0.06510327844,8.58E-06,9.63E-06,2.73E-05,0.02464199431,3.78E-05,1.83E-05,4.43E-05,0.1841644879,0.01136661084,7.82E-05,7.14E-05,4.63E-05,4.15E-06,0.005438192993,2.28E-05,2.70E-05,2.19E-05,2.19E-05,1.21E-05,0.001825356656,0.1126087643,1.42E-05,3.45E-05,3.37E-05,0.2177422696,0.01195067706,0.03418428571,4.12E-06
96,4.29-to-kill-a-mocking-bird.txt,7.37E-05,1.23E-04,1.24E-04,5.79E-05,6.59E-05,0.01114871386,1.37E-04,2.60E-05,0.00205184756,1.50E-04,0.06377521067,6.02E-05,4.85E-05,0.02499974439,0.1912067954,9.52E-05,0.001922880445,0.005441639803,1.50E-04,0.006003944511,4.20E-05,0.08171153052,2.86E-05,3.21E-05,9.10E-05,3.18E-04,1.26E-04,6.09E-05,1.48E-04,0.222245755,0.002310839426,2.60E-04,0.002013951328,0.005482825443,1.38E-05,3.40E-04,7.59E-05,8.98E-05,7.31E-05,0.001849028836,4.02E-05,0.02206177038,0.08886102279,4.71E-05,1.15E-04,1.12E-04,0.1972450339,0.009583591436,0.05694745479,1.37E-05
97,4.30-to-kill-a-mocking-bird.txt,4.52E-05,7.53E-05,7.59E-05,3.55E-05,4.04E-05,0.003569394387,8.40E-05,1.59E-05,1.69E-04,9.19E-05,0.01950470148,3.69E-05,2.97E-05,0.03385063356,0.1379621703,5.84E-05,9.00E-05,6.93E-05,9.19E-05,0.008039462559,2.58E-05,0.05991669808,1.75E-05,1.97E-05,5.58E-05,1.95E-04,7.71E-05,3.74E-05,9.05E-05,0.2343402995,0.006863851552,1.60E-04,1.46E-04,9.46E-05,8.48E-06,0.05794261989,4.66E-05,0.001144402287,4.48E-05,4.47E-05,2.46E-05,0.00699426283,0.1677875636,2.89E-05,0.00224909533,6.87E-05,0.1906851146,0.01568145922,0.05126514234,8.40E-06
98,4.31-to-kill-a-mocking-bird.txt,0.007502280662,1.03E-04,0.001591727853,4.85E-05,5.52E-05,0.01975706953,1.15E-04,2.18E-05,0.006183336442,1.26E-04,0.04152586228,5.04E-05,4.06E-05,1.11E-04,0.234597546,7.98E-05,0.02839681254,0.06408305401,1.26E-04,0.04372072844,3.52E-05,0.1235174289,2.39E-05,2.69E-05,7.63E-05,0.003242612539,0.001593428165,5.10E-05,1.24E-04,0.2710186022,0.001936014161,2.18E-04,1.99E-04,1.29E-04,1.16E-05,0.003260665758,6.36E-05,7.52E-05,6.12E-05,6.10E-05,3.36E-05,0.04973341742,0.06403078011,3.95E-05,9.62E-05,9.39E-05,0.02388162833,5.89E-04,0.007531658579,1.15E-05
99,~$23-to-kill-a-mocking-bird.txt,0.002965680295,0.004935946746,0.004975062301,0.002329843053,0.00264883256,0.01976791095,0.005506973932,0.001044857151,0.01108687339,0.006027780004,0.06467472854,0.0024199663,0.001949911193,0.005342815165,0.1178010128,0.003831016926,0.005899511179,0.004545758999,0.006026800553,0.02716298348,0.001689166634,0.07168305479,0.001149117629,0.001289449238,0.003661231588,0.01279022539,0.00505669376,0.002450507122,0.005936253343,0.008838910092,0.0215041384,0.01046329921,0.009562597354,0.00620234279,5.56E-04,0.01365695469,0.003053537351,0.003612029591,0.2887117902,0.002929024909,0.001615470989,0.03005712684,0.07347939147,0.001894685119,0.004619739165,0.004507297464,0.003456810237,0.02825827315,0.07581939017,5.51E-04
